AUF,año,cuña_laboral,eficiencia,amenidades,fricciones_excesivas,población
 A Coruña,2006,-0.6754146,6.744209,1.360951,0.7345288,6.023598
 A Coruña,2007,-0.4946552,6.876499,1.32174,0.9130984,6.027978
 A Coruña,2009,-0.5706062,6.770895,1.361057,0.8141379,6.03478
 A Coruña,2010,-0.4983317,6.822648,1.350325,0.9060391,6.034744
 A Coruña,2011,-0.5438923,6.829669,1.334204,0.8409087,6.034667
 A Coruña,2012,-0.5050353,6.816974,1.339544,0.8321236,6.035146
 A Coruña,2013,-0.40132,6.866899,1.321569,0.8822249,6.034239
 A Coruña,2014,-0.4260813,6.881952,1.305127,0.8423399,6.029703
 A Coruña,2015,-0.4112509,6.934937,1.27299,0.8335606,6.025856
 Albacete,2006,-0.8491966,6.431961,1.493146,0.9764069,5.192278
 Albacete,2007,-0.9690509,6.430248,1.48034,0.8465517,5.21228
 Albacete,2009,-0.820659,6.471044,1.475643,0.9605501,5.24185
 Albacete,2010,-0.9384258,6.399069,1.498421,0.8601607,5.246312
 Albacete,2011,-1.018658,6.310014,1.529431,0.7576438,5.251666
 Albacete,2012,-0.7303175,6.36389,1.53099,0.9954352,5.257958
 Albacete,2013,-0.8620278,6.352413,1.51543,0.8090175,5.259239
 Albacete,2014,-0.7111413,6.414681,1.501221,0.943109,5.258045
 Albacete,2015,-0.8152681,6.369018,1.508123,0.8145109,5.255921
 Alcoy,2006,-0.9339902,6.42125,1.488426,1.366208,4.243089
 Alcoy,2007,-0.8173186,6.47507,1.476548,1.482504,4.243839
 Alcoy,2009,-0.8881406,6.357089,1.521275,1.373691,4.280604
 Alcoy,2010,-0.9327627,6.348785,1.522371,1.349184,4.279591
 Alcoy,2011,-0.9683276,6.321173,1.529271,1.294144,4.279325
 Alcoy,2012,-0.8465863,6.328005,1.533935,1.367961,4.280368
 Alcoy,2013,-0.8190392,6.302078,1.542852,1.340883,4.281485
 Alcoy,2014,-0.7839176,6.37223,1.512676,1.363087,4.272536
 Alcoy,2015,-0.7651682,6.424224,1.487551,1.361478,4.262187
 Algeciras,2006,-0.3955319,6.707421,1.430228,1.501364,5.049693
 Algeciras,2007,-0.4319466,6.747934,1.402497,1.472695,5.034202
 Algeciras,2009,-0.3248734,6.77604,1.406151,1.567163,5.020195
 Algeciras,2010,-0.3424679,6.783561,1.402738,1.572899,5.012753
 Algeciras,2011,-0.3098404,6.771773,1.411572,1.589643,5.005302
 Algeciras,2012,-0.2730358,6.843422,1.372179,1.582839,4.997715
 Algeciras,2013,-0.3122689,6.833874,1.357273,1.493418,4.989955
 Algeciras,2014,-0.2800756,6.905662,1.321438,1.513331,4.979732
 Algeciras,2015,-0.2321964,6.921453,1.317594,1.540925,4.969237
 Alicante/Alacant,2006,-0.886454,6.381701,1.512337,0.4770465,6.116484
 Alicante/Alacant,2007,-0.8173326,6.443993,1.491375,0.5457928,6.117234
 Alicante/Alacant,2009,-0.9406056,6.299203,1.54212,0.3845287,6.154
 Alicante/Alacant,2010,-0.8547134,6.316696,1.545636,0.4905358,6.152987
 Alicante/Alacant,2011,-0.9630192,6.293866,1.542254,0.3627547,6.15272
 Alicante/Alacant,2012,-0.8473619,6.296794,1.548005,0.4304881,6.153764
 Alicante/Alacant,2013,-0.7807838,6.309047,1.543841,0.4424406,6.154881
 Alicante/Alacant,2014,-0.7897044,6.343296,1.525432,0.4206027,6.145932
 Alicante/Alacant,2015,-0.8087031,6.38379,1.501941,0.3812455,6.135582
 Almería,2006,-0.5222169,6.527284,1.494538,1.2141,5.370851
 Almería,2007,-0.6384465,6.601495,1.440019,1.094263,5.378067
 Almería,2009,-0.5913601,6.565217,1.462088,1.11599,5.389567
 Almería,2010,-0.5722865,6.554436,1.473434,1.151497,5.395918
 Almería,2011,-0.5649067,6.519347,1.488233,1.138385,5.397685
 Almería,2012,-0.4307131,6.602573,1.462721,1.222311,5.403416
 Almería,2013,-0.4370604,6.554731,1.475584,1.158632,5.409945
 Almería,2014,-0.4939976,6.582169,1.450472,1.082609,5.413333
 Almería,2015,-0.4525358,6.606726,1.44087,1.096339,5.41773
 Arrecife,2006,-0.6020157,6.58579,1.453465,1.477161,4.685131
 Arrecife,2007,-0.92312,6.564299,1.419759,1.155862,4.685521
 Arrecife,2009,-0.6847165,6.489536,1.484626,1.368539,4.697758
 Arrecife,2010,-0.615933,6.457555,1.512385,1.455022,4.701576
 Arrecife,2011,-0.6224176,6.451857,1.511195,1.428883,4.701667
 Arrecife,2012,-0.6486965,6.432446,1.509899,1.356569,4.698932
 Arrecife,2013,-0.6013157,6.494351,1.479826,1.348898,4.700903
 Arrecife,2014,-0.5556399,6.574943,1.444735,1.378184,4.698898
 Arrecife,2015,-0.6353603,6.625334,1.40455,1.276233,4.692292
 Avila,2006,-0.7287291,6.438081,1.505516,1.680366,4.025295
 Avila,2007,-0.8228185,6.359451,1.52992,1.581401,4.035047
 Avila,2009,-0.6408279,6.332647,1.562647,1.716112,4.090389
 Avila,2010,-0.5923138,6.284329,1.593203,1.772157,4.114543
 Avila,2011,-0.6420714,6.267143,1.591121,1.696284,4.127558
 Avila,2012,-0.7289131,6.201851,1.602624,1.562829,4.12598
 Avila,2013,-0.7168129,6.189261,1.603297,1.517959,4.131785
 Avila,2014,-0.6346337,6.29157,1.566353,1.585496,4.126286
 Avila,2015,-0.6500212,6.385883,1.518856,1.549478,4.116481
 Avilés,2006,-0.573824,6.848506,1.321955,1.455093,4.785651
 Avilés,2007,-0.4814979,6.896962,1.313051,1.543424,4.793642
 Avilés,2009,-0.5562834,6.821717,1.336249,1.432238,4.827226
 Avilés,2010,-0.7297982,6.72688,1.361636,1.275771,4.832346
 Avilés,2011,-0.5291616,6.706515,1.401929,1.456275,4.833395
 Avilés,2012,-0.5096284,6.675549,1.412914,1.427117,4.835973
 Avilés,2013,-0.5175705,6.698469,1.39088,1.367068,4.832053
 Avilés,2014,-0.5621495,6.72183,1.368806,1.308046,4.826154
 Avilés,2015,-0.4202345,6.803663,1.344531,1.428681,4.817649
 Badajoz,2006,-0.7141801,6.56671,1.445895,1.130665,5.153794
 Badajoz,2007,-0.6258732,6.623304,1.431146,1.213751,5.164237
 Badajoz,2009,-0.770068,6.617544,1.409859,1.039467,5.185199
 Badajoz,2010,-0.70529,6.621603,1.419832,1.117017,5.198872
 Badajoz,2011,-0.5922227,6.572708,1.458307,1.206538,5.206748
 Badajoz,2012,-0.519294,6.588489,1.454672,1.229744,5.211388
 Badajoz,2013,-0.585138,6.592368,1.434343,1.115277,5.2005
 Badajoz,2014,-0.5498361,6.646001,1.410018,1.133533,5.199809
 Badajoz,2015,-0.5206132,6.66562,1.400555,1.139303,5.195648
 Barcelona,2006,-0.6111659,6.962373,1.250235,-0.4414683,8.50409
 Barcelona,2007,-0.5521596,6.963174,1.261237,-0.379184,8.497534
 Barcelona,2009,-0.6746274,6.845334,1.302728,-0.5294761,8.513966
 Barcelona,2010,-0.541418,6.870867,1.315802,-0.3759794,8.512609
 Barcelona,2011,-0.5512149,6.863439,1.314367,-0.4041825,8.510203
 Barcelona,2012,-0.4869541,6.886661,1.304597,-0.3890219,8.513599
 Barcelona,2013,-0.4457527,6.949406,1.266347,-0.3990662,8.507957
 Barcelona,2014,-0.4860604,6.961226,1.24839,-0.45383,8.502085
 Barcelona,2015,-0.46993,7.018723,1.212149,-0.4639092,8.503438
 Burgos,2006,-0.5112978,6.709599,1.407059,1.270381,5.280128
 Burgos,2007,-0.5173037,6.70831,1.406628,1.263227,5.282423
 Burgos,2009,-0.5315955,6.637946,1.436121,1.215472,5.310133
 Burgos,2010,-0.5260825,6.602011,1.458085,1.24169,5.30794
 Burgos,2011,-0.625204,6.525343,1.476142,1.121068,5.311724
 Burgos,2012,-0.6045957,6.537683,1.466235,1.09245,5.315371
 Burgos,2013,-0.5770217,6.581178,1.441083,1.068211,5.310864
 Burgos,2014,-0.5044814,6.621567,1.429329,1.127061,5.303461
 Burgos,2015,-0.4860031,6.702251,1.387088,1.121911,5.299652
 Cartagena,2006,-0.5841399,6.716496,1.390652,1.135834,5.403536
 Cartagena,2007,-0.6479051,6.718147,1.379141,1.065086,5.417503
 Cartagena,2009,-0.4919811,6.671074,1.426493,1.185105,5.450096
 Cartagena,2010,-0.539375,6.623999,1.445043,1.152224,5.460287
 Cartagena,2011,-0.506362,6.639141,1.439871,1.164658,5.462229
 Cartagena,2012,-0.5399929,6.601769,1.444836,1.084586,5.460307
 Cartagena,2013,-0.4554865,6.663965,1.4188,1.118558,5.45324
 Cartagena,2014,-0.464682,6.708002,1.391821,1.090301,5.45658
 Cartagena,2015,-0.4384092,6.792838,1.347161,1.090839,5.456982
 Castellón de la Plana/Castelló de la Plana,2006,-1.134824,6.520597,1.419108,0.559572,5.454693
 Castellón de la Plana/Castelló de la Plana,2007,-0.9358235,6.536771,1.432086,0.7570814,5.457675
 Castellón de la Plana/Castelló de la Plana,2009,-1.440296,6.217933,1.538414,0.212066,5.499545
 Castellón de la Plana/Castelló de la Plana,2010,-1.002621,6.266901,1.552366,0.6674506,5.503343
 Castellón de la Plana/Castelló de la Plana,2011,-0.8510447,6.238359,1.57856,0.8010145,5.50015
 Castellón de la Plana/Castelló de la Plana,2012,-0.7816355,6.25797,1.572396,0.8227718,5.500649
 Castellón de la Plana/Castelló de la Plana,2013,-0.7446727,6.269706,1.565327,0.80572,5.500544
 Castellón de la Plana/Castelló de la Plana,2014,-0.7674071,6.370104,1.515506,0.7835154,5.464701
 Castellón de la Plana/Castelló de la Plana,2015,-0.7484843,6.419052,1.49189,0.7831914,5.452128
 Ciudad Real,2006,-0.447175,6.646257,1.450533,1.681222,4.586691
 Ciudad Real,2007,-0.7585091,6.604702,1.420676,1.363645,4.599176
 Ciudad Real,2009,-0.624238,6.571099,1.454131,1.457556,4.64068
 Ciudad Real,2010,-0.6787295,6.460434,1.501946,1.420442,4.645143
 Ciudad Real,2011,-0.7515873,6.433572,1.502064,1.324938,4.651217
 Ciudad Real,2012,-0.6490091,6.409311,1.520555,1.379293,4.652861
 Ciudad Real,2013,-0.6492404,6.416988,1.50991,1.325321,4.652206
 Ciudad Real,2014,-0.5574941,6.457783,1.500777,1.399089,4.653381
 Ciudad Real,2015,-0.5388533,6.485429,1.486781,1.395764,4.646245
 Cuenca,2006,-0.9520451,6.355693,1.51713,1.459398,4.020598
 Cuenca,2007,-1.848985,6.370956,1.445105,0.5454202,4.054676
 Cuenca,2009,-1.0605,6.44758,1.460561,1.287775,4.107717
 Cuenca,2010,-1.0088,6.361033,1.508795,1.356201,4.113482
 Cuenca,2011,-0.6635635,6.29844,1.574677,1.677276,4.122588
 Cuenca,2012,-0.9759699,6.210736,1.573388,1.314575,4.128374
 Cuenca,2013,-0.8979388,6.296194,1.537552,1.346715,4.112022
 Cuenca,2014,-0.7961283,6.288054,1.549731,1.434433,4.105423
 Cuenca,2015,-0.576198,6.271503,1.579184,1.631618,4.099846
 Cáceres,2006,-0.8529921,6.412565,1.501799,1.210625,4.716251
 Cáceres,2007,-0.8682599,6.443424,1.485437,1.192131,4.722703
 Cáceres,2009,-0.6203749,6.500707,1.488588,1.407745,4.748029
 Cáceres,2010,-0.8703635,6.418584,1.496931,1.171769,4.759219
 Cáceres,2011,-0.8204854,6.405365,1.506698,1.197562,4.768173
 Cáceres,2012,-0.6266658,6.410095,1.523211,1.340613,4.774906
 Cáceres,2013,-0.6762217,6.417098,1.506455,1.235649,4.777589
 Cáceres,2014,-0.8566027,6.385954,1.498559,1.038241,4.776859
 Cáceres,2015,-0.6661459,6.434738,1.494132,1.204407,4.774373
 Cádiz,2006,-0.3638329,6.742818,1.418931,1.244439,5.626942
 Cádiz,2007,-0.3677502,6.795426,1.391216,1.248267,5.61145
 Cádiz,2009,-0.2980168,6.844445,1.376688,1.305395,5.597444
 Cádiz,2010,-0.3241722,6.833304,1.381043,1.30257,5.590001
 Cádiz,2011,-0.2777286,6.813574,1.397332,1.33313,5.582551
 Cádiz,2012,-0.249439,6.880086,1.358104,1.317811,5.574963
 Cádiz,2013,-0.280191,6.879324,1.339578,1.236872,5.567204
 Cádiz,2014,-0.2573745,6.947192,1.303343,1.247408,5.556981
 Cádiz,2015,-0.2058684,6.946299,1.309723,1.278629,5.546485
 Córdoba,2006,-0.7899031,6.438137,1.497564,0.6962008,5.871277
 Córdoba,2007,-0.8490956,6.461688,1.479059,0.6358745,5.873545
 Córdoba,2009,-0.7801582,6.33814,1.542393,0.6777986,5.888355
 Córdoba,2010,-0.7072901,6.328099,1.558475,0.7700942,5.888717
 Córdoba,2011,-0.7632709,6.305449,1.559069,0.6943344,5.889058
 Córdoba,2012,-0.7581478,6.300024,1.556482,0.6517785,5.889611
 Córdoba,2013,-0.6375862,6.305725,1.561899,0.7184811,5.889194
 Córdoba,2014,-0.5822519,6.344493,1.54941,0.7574333,5.887176
 Córdoba,2015,-0.6228551,6.369473,1.529747,0.6923328,5.885104
 Elche/Elx,2006,-1.031412,6.33818,1.517173,0.6215277,5.537606
 Elche/Elx,2007,-0.9351078,6.39338,1.501459,0.7174565,5.538357
 Elche/Elx,2009,-1.004999,6.261876,1.552496,0.609574,5.575122
 Elche/Elx,2010,-0.9929358,6.270014,1.551925,0.6417523,5.574109
 Elche/Elx,2011,-1.06927,6.253047,1.550509,0.545943,5.573843
 Elche/Elx,2012,-0.9068465,6.270959,1.553397,0.6604424,5.574886
 Elche/Elx,2013,-0.876062,6.238788,1.565398,0.6366012,5.576003
 Elche/Elx,2014,-0.8327309,6.315786,1.533458,0.6670151,5.567054
 Elche/Elx,2015,-0.852964,6.364186,1.506538,0.6264234,5.556705
 Ferrol,2006,-0.7905372,6.6501,1.393041,1.12688,5.008651
 Ferrol,2007,-0.5310286,6.802055,1.355125,1.384199,5.013031
 Ferrol,2009,-0.6023478,6.728309,1.378091,1.28987,5.019832
 Ferrol,2010,-0.5543798,6.773715,1.365918,1.357465,5.019796
 Ferrol,2011,-0.580431,6.778746,1.355135,1.311844,5.019719
 Ferrol,2012,-0.5416456,6.76449,1.361247,1.302987,5.020198
 Ferrol,2013,-0.4244119,6.797323,1.354974,1.366607,5.019292
 Ferrol,2014,-0.4527718,6.825394,1.331472,1.323123,5.014755
 Ferrol,2015,-0.4355873,6.878846,1.300329,1.316698,5.010909
 Gandía,2006,-0.7605101,6.557769,1.443805,1.29949,4.723485
 Gandía,2007,-0.7969929,6.615961,1.409656,1.26778,4.713939
 Gandía,2009,-0.7456585,6.496268,1.473109,1.289235,4.73448
 Gandía,2010,-0.7228819,6.47806,1.487512,1.334664,4.728394
 Gandía,2011,-0.7073806,6.462031,1.494531,1.337546,4.714415
 Gandía,2012,-0.6411688,6.477606,1.48975,1.356986,4.713154
 Gandía,2013,-0.5696475,6.490523,1.486068,1.377413,4.707209
 Gandía,2014,-0.5770894,6.536543,1.460451,1.356303,4.69976
 Gandía,2015,-0.6125935,6.574839,1.433143,1.295415,4.699461
 Gijón,2006,-0.5808988,6.804076,1.344918,1.007123,5.667442
 Gijón,2007,-0.4896884,6.860486,1.331514,1.094338,5.675433
 Gijón,2009,-0.5601356,6.803394,1.345494,0.9874902,5.709016
 Gijón,2010,-0.7323632,6.701436,1.374713,0.8323108,5.714137
 Gijón,2011,-0.531534,6.680276,1.414901,1.013008,5.715185
 Gijón,2012,-0.5183753,6.643534,1.427604,0.9774748,5.717763
 Gijón,2013,-0.5220758,6.672253,1.403665,0.9216669,5.713844
 Gijón,2014,-0.5746346,6.685773,1.385805,0.8546661,5.707944
 Gijón,2015,-0.4347675,6.755666,1.367641,0.9732522,5.69944
 Girona,2006,-0.552971,6.919268,1.286266,1.330352,5.076839
 Girona,2007,-0.5301154,6.948447,1.274082,1.340597,5.10206
 Girona,2009,-0.4619505,6.739617,1.397183,1.367905,5.144557
 Girona,2010,-0.5483264,6.766916,1.370608,1.300888,5.145056
 Girona,2011,-0.5462674,6.705212,1.399616,1.28082,5.150094
 Girona,2012,-0.4518172,6.774602,1.371974,1.325413,5.155002
 Girona,2013,-0.3802462,6.820248,1.35102,1.342434,5.155969
 Girona,2014,-0.3769455,6.826765,1.344801,1.328677,5.155301
 Girona,2015,-0.3650966,6.913534,1.294204,1.31315,5.158987
 Granada,2006,-0.7205526,6.523783,1.465976,0.5311371,6.340106
 Granada,2007,-0.5593753,6.603018,1.452005,0.6959463,6.332842
 Granada,2009,-0.5687265,6.646986,1.425401,0.6709864,6.324842
 Granada,2010,-0.4623937,6.615776,1.462639,0.7867283,6.345241
 Granada,2011,-0.5428911,6.591299,1.457215,0.6846506,6.349185
 Granada,2012,-0.5038979,6.573255,1.464605,0.6784999,6.344668
 Granada,2013,-0.4594633,6.615904,1.442166,0.6713819,6.339639
 Granada,2014,-0.5111529,6.682335,1.397472,0.6028853,6.33847
 Granada,2015,-0.4881921,6.633633,1.421858,0.6039888,6.331118
 Guadalajara,2006,-0.7223751,6.603463,1.426445,1.375414,4.647907
 Guadalajara,2007,-0.3696936,6.667402,1.455162,1.712242,4.679614
 Guadalajara,2009,-0.7059403,6.485517,1.483605,1.324605,4.743177
 Guadalajara,2010,-0.7599849,6.482292,1.480503,1.285673,4.752169
 Guadalajara,2011,-0.7383916,6.478159,1.482737,1.283711,4.760062
 Guadalajara,2012,-0.745573,6.40633,1.509578,1.22706,4.764197
 Guadalajara,2013,-0.9749153,6.422992,1.470928,0.9454165,4.760666
 Guadalajara,2014,-0.783101,6.486352,1.458566,1.1245,4.751345
 Guadalajara,2015,-0.8053983,6.502674,1.445163,1.078638,4.747407
 Huelva,2006,-0.8431169,6.263315,1.570664,0.8635753,5.4301
 Huelva,2007,-0.8350011,6.245368,1.579438,0.8702867,5.432909
 Huelva,2009,-0.7104494,6.275096,1.578908,0.9663036,5.450762
 Huelva,2010,-0.9300354,6.258271,1.563503,0.7646355,5.454144
 Huelva,2011,-0.8541017,6.239377,1.577783,0.8222752,5.451515
 Huelva,2012,-0.6154354,6.257962,1.592395,1.014716,5.449162
 Huelva,2013,-0.5303237,6.318151,1.570304,1.047334,5.446013
 Huelva,2014,-0.5774353,6.267582,1.583956,0.9858414,5.439993
 Huelva,2015,-0.5688659,6.367162,1.537606,0.9719232,5.433901
 Jaén,2006,-0.8351464,6.537024,1.444194,1.043841,5.08551
 Jaén,2007,-0.8007978,6.594884,1.419826,1.079803,5.082284
 Jaén,2009,-0.7037465,6.569306,1.443304,1.156542,5.083692
 Jaén,2010,-0.7549718,6.481437,1.481583,1.123926,5.085689
 Jaén,2011,-0.6792006,6.486432,1.486879,1.180128,5.085612
 Jaén,2012,-0.6796941,6.447693,1.498645,1.132446,5.085184
 Jaén,2013,-0.5482842,6.479672,1.49425,1.212171,5.080418
 Jaén,2014,-0.5561338,6.518802,1.472009,1.188391,5.077496
 Jaén,2015,-0.6025214,6.527508,1.457832,1.118382,5.073673
 Jerez de la Frontera,2006,-0.4423492,6.560656,1.492618,1.242611,5.473566
 Jerez de la Frontera,2007,-0.4906082,6.619821,1.455583,1.202097,5.458074
 Jerez de la Frontera,2009,-0.3170601,6.77335,1.409212,1.36304,5.444068
 Jerez de la Frontera,2010,-0.3643931,6.74616,1.417123,1.339037,5.436625
 Jerez de la Frontera,2011,-0.3053441,6.735717,1.43071,1.382203,5.429174
 Jerez de la Frontera,2012,-0.2776905,6.810424,1.388409,1.366248,5.421587
 Jerez de la Frontera,2013,-0.3161479,6.782378,1.383655,1.277603,5.413828
 Jerez de la Frontera,2014,-0.2777751,6.861132,1.346218,1.303696,5.403605
 Jerez de la Frontera,2015,-0.2291032,6.842675,1.361015,1.332082,5.393109
 Las Palmas de Gran Canaria,2006,-0.4861288,6.733079,1.399712,0.7145,6.442228
 Las Palmas de Gran Canaria,2007,-0.7150224,6.705271,1.375341,0.4854115,6.442617
 Las Palmas de Gran Canaria,2009,-0.5324372,6.651196,1.429401,0.64227,6.454854
 Las Palmas de Gran Canaria,2010,-0.4682237,6.62695,1.456147,0.7241825,6.458673
 Las Palmas de Gran Canaria,2011,-0.4577699,6.627858,1.454048,0.7149822,6.458764
 Las Palmas de Gran Canaria,2012,-0.4673438,6.618037,1.44886,0.6593735,6.456029
 Las Palmas de Gran Canaria,2013,-0.4335403,6.684433,1.412209,0.6381246,6.458
 Las Palmas de Gran Canaria,2014,-0.4142672,6.757332,1.374885,0.6410081,6.455995
 Las Palmas de Gran Canaria,2015,-0.4706674,6.786495,1.345036,0.5623776,6.449389
 León,2006,-0.6483992,6.510703,1.482606,1.060202,5.426282
 León,2007,-0.6252075,6.572945,1.456109,1.090474,5.412123
 León,2009,-0.6910076,6.526204,1.466174,1.007864,5.406525
 León,2010,-0.9192951,6.416791,1.492193,0.8002773,5.40434
 León,2011,-0.820733,6.435061,1.492754,0.8839844,5.394834
 León,2012,-0.5728621,6.459248,1.508087,1.088477,5.386786
 León,2013,-0.6427493,6.477106,1.482481,0.9686364,5.378558
 León,2014,-0.5206647,6.526308,1.473554,1.077365,5.370486
 León,2015,-0.5411164,6.605567,1.427918,1.038118,5.357011
 Linares ,2006,-0.7277931,6.613492,1.420614,1.628529,4.130841
 Linares ,2007,-0.6968558,6.653061,1.405107,1.661079,4.127616
 Linares ,2009,-0.6042132,6.620737,1.432738,1.733409,4.129024
 Linares ,2010,-0.6125419,6.557569,1.465529,1.74369,4.131021
 Linares ,2011,-0.5407267,6.579814,1.463112,1.795935,4.130944
 Linares ,2012,-0.4931789,6.584475,1.460873,1.796295,4.130516
 Linares ,2013,-0.4050823,6.59393,1.461984,1.832707,4.12575
 Linares ,2014,-0.4172404,6.658267,1.425189,1.804619,4.122828
 Linares ,2015,-0.4772283,6.640958,1.419845,1.721009,4.119005
 Lleida,2006,-0.7384543,6.611534,1.420081,1.11965,5.127277
 Lleida,2007,-0.7821851,6.669806,1.38399,1.069448,5.140219
 Lleida,2009,-0.7323083,6.498039,1.474051,1.067015,5.205621
 Lleida,2010,-0.6751744,6.46591,1.499894,1.138386,5.216363
 Lleida,2011,-0.9215521,6.351299,1.520335,0.8686693,5.223825
 Lleida,2012,-0.8000724,6.402233,1.504985,0.9376506,5.234018
 Lleida,2013,-0.9515139,6.398442,1.484932,0.7322312,5.233839
 Lleida,2014,-0.7509804,6.452703,1.478533,0.9176421,5.229301
 Lleida,2015,-0.7855571,6.493988,1.45166,0.8598148,5.224735
 Logroño,2006,-0.6459782,6.558446,1.459985,1.160935,5.229659
 Logroño,2007,-0.6521688,6.568481,1.454156,1.158739,5.22167
 Logroño,2009,-0.8678598,6.335644,1.53335,0.9024917,5.263566
 Logroño,2010,-1.009988,6.267933,1.551181,0.7781906,5.267129
 Logroño,2011,-0.9956706,6.213672,1.574706,0.7729287,5.26707
 Logroño,2012,-0.86718,6.190181,1.592812,0.8515304,5.272043
 Logroño,2013,-0.7311185,6.27295,1.565394,0.934621,5.269851
 Logroño,2014,-0.7819477,6.294254,1.548469,0.8700194,5.262611
 Logroño,2015,-0.6432582,6.416119,1.505685,0.9852132,5.258536
 Lorca,2006,-0.7674866,6.574327,1.434642,1.346418,4.615675
 Lorca,2007,-0.9729192,6.578327,1.406825,1.134002,4.629642
 Lorca,2009,-0.5862827,6.594913,1.448375,1.484734,4.662235
 Lorca,2010,-0.7232103,6.508584,1.472894,1.362319,4.672426
 Lorca,2011,-0.6668505,6.530066,1.467743,1.3981,4.674368
 Lorca,2012,-0.8012813,6.449988,1.482309,1.217228,4.672446
 Lorca,2013,-0.65266,6.516187,1.462365,1.315315,4.665379
 Lorca,2014,-0.6296223,6.561546,1.440901,1.319291,4.668718
 Lorca,2015,-0.5783963,6.670771,1.389214,1.344783,4.669121
 Lugo,2006,-0.6059507,6.526937,1.481274,1.442702,4.74618
 Lugo,2007,-0.7081085,6.668934,1.395265,1.338392,4.750484
 Lugo,2009,-0.8538985,6.670749,1.371063,1.158166,4.78014
 Lugo,2010,-1.066855,6.533932,1.419142,0.9598929,4.78999
 Lugo,2011,-1.130034,6.491563,1.43225,0.8752034,4.793793
 Lugo,2012,-0.9336324,6.448302,1.468302,1.021913,4.798374
 Lugo,2013,-0.9398896,6.478686,1.447269,0.9600467,4.801457
 Lugo,2014,-0.7384015,6.546922,1.434066,1.145162,4.799419
 Lugo,2015,-0.6607764,6.594621,1.416762,1.199419,4.795088
 Madrid,2006,-0.6766123,6.704085,1.382054,-0.6558191,8.801899
 Madrid,2007,-0.6859674,6.750454,1.356067,-0.6657912,8.803133
 Madrid,2009,-0.7457309,6.668839,1.387072,-0.7644944,8.841795
 Madrid,2010,-0.757974,6.657206,1.394159,-0.7597489,8.847035
 Madrid,2011,-0.7647319,6.676718,1.380253,-0.7848901,8.844584
 Madrid,2012,-0.7196817,6.696416,1.369563,-0.7823932,8.834887
 Madrid,2013,-0.6295859,6.727396,1.358381,-0.7422842,8.826726
 Madrid,2014,-0.5495046,6.791591,1.333524,-0.6730019,8.81354
 Madrid,2015,-0.5222628,6.826747,1.314451,-0.667608,8.80617
 Manresa,2006,-0.5972289,6.889625,1.294686,1.412754,4.823519
 Manresa,2007,-0.5967872,6.872177,1.304583,1.416474,4.816963
 Manresa,2009,-0.6511103,6.751514,1.357797,1.334327,4.833395
 Manresa,2010,-0.5598181,6.770107,1.366846,1.445906,4.832037
 Manresa,2011,-0.5593697,6.7463,1.375999,1.427948,4.829633
 Manresa,2012,-0.4700209,6.770223,1.370917,1.468197,4.833028
 Manresa,2013,-0.4838635,6.813874,1.335313,1.403108,4.827385
 Manresa,2014,-0.4892322,6.840708,1.316565,1.383284,4.821514
 Manresa,2015,-0.468549,6.906847,1.278424,1.377757,4.822867
 Marbella,2006,-0.9997962,6.227665,1.570052,0.5570521,5.729789
 Marbella,2007,-0.9875576,6.286732,1.54496,0.5687388,5.730892
 Marbella,2009,-1.01915,6.234546,1.563329,0.5112924,5.743384
 Marbella,2010,-0.9140529,6.199951,1.590662,0.6358199,5.74374
 Marbella,2011,-0.9902515,6.19761,1.582247,0.5404326,5.7429
 Marbella,2012,-0.8778926,6.177578,1.597182,0.605915,5.741849
 Marbella,2013,-0.7030369,6.235943,1.584778,0.7257826,5.74369
 Marbella,2014,-0.6972145,6.302136,1.55432,0.7155925,5.740932
 Marbella,2015,-0.6839564,6.372618,1.520957,0.7013658,5.744835
 Murcia,2006,-0.6251978,6.671072,1.407176,0.6075112,6.378067
 Murcia,2007,-0.6710366,6.679025,1.395794,0.554689,6.392034
 Murcia,2009,-0.5431769,6.622278,1.441961,0.6466441,6.424626
 Murcia,2010,-0.5942237,6.576806,1.45913,0.6101101,6.434818
 Murcia,2011,-0.5619126,6.583791,1.457769,0.6218418,6.436759
 Murcia,2012,-0.59281,6.55273,1.460716,0.544503,6.434838
 Murcia,2013,-0.508759,6.607761,1.438285,0.5780202,6.427771
 Murcia,2014,-0.5064919,6.658746,1.410288,0.5612258,6.43111
 Murcia,2015,-0.4778448,6.739501,1.368929,0.5641384,6.431513
 Málaga,2006,-0.8708101,6.314141,1.544999,0.1826826,6.7365
 Málaga,2007,-0.8182625,6.373116,1.524292,0.2346784,6.737603
 Málaga,2009,-0.8551965,6.358137,1.524557,0.17189,6.750095
 Málaga,2010,-0.8056141,6.311696,1.553607,0.2409033,6.750451
 Málaga,2011,-0.8275281,6.300252,1.553898,0.1998004,6.749611
 Málaga,2012,-0.7334681,6.287883,1.564798,0.246984,6.748559
 Málaga,2013,-0.6090876,6.344473,1.54824,0.3163764,6.750401
 Málaga,2014,-0.6026161,6.399732,1.521722,0.3068354,6.747643
 Málaga,2015,-0.5768484,6.447325,1.499648,0.3051184,6.751546
 Mérida,2006,-0.8348854,6.39465,1.512295,1.385219,4.403277
 Mérida,2007,-0.6433913,6.480494,1.497618,1.571491,4.41372
 Mérida,2009,-0.9338997,6.457658,1.468866,1.250893,4.434682
 Mérida,2010,-0.7650596,6.495672,1.473419,1.432506,4.448354
 Mérida,2011,-0.669335,6.426163,1.516455,1.504684,4.45623
 Mérida,2012,-0.5482658,6.464886,1.509075,1.576031,4.460871
 Mérida,2013,-0.6431592,6.446444,1.496922,1.432514,4.449982
 Mérida,2014,-0.6100283,6.519116,1.464337,1.448599,4.449292
 Mérida,2015,-0.6162836,6.513713,1.462694,1.418891,4.44513
 Ourense,2006,-0.8192595,6.275077,1.568191,1.092687,5.019593
 Ourense,2007,-0.6507263,6.36836,1.548075,1.265637,5.010759
 Ourense,2009,-0.6164438,6.421489,1.526065,1.277724,5.015933
 Ourense,2010,-0.6128342,6.374521,1.550678,1.29664,5.024537
 Ourense,2011,-0.5447662,6.356146,1.565955,1.348196,5.018343
 Ourense,2012,-0.5810956,6.379923,1.543239,1.266343,5.014587
 Ourense,2013,-0.5026349,6.396749,1.539104,1.290992,5.014075
 Ourense,2014,-0.5561205,6.50043,1.480811,1.223085,5.008135
 Ourense,2015,-0.4412377,6.564616,1.463271,1.315597,5.00181
 Oviedo,2006,-0.5847834,6.749703,1.373212,0.9837036,5.706511
 Oviedo,2007,-0.5094609,6.811084,1.354379,1.055031,5.714502
 Oviedo,2009,-0.5938753,6.743029,1.371796,0.9342158,5.748086
 Oviedo,2010,-0.7381674,6.651217,1.399942,0.8069719,5.753207
 Oviedo,2011,-0.5580973,6.626609,1.437315,0.9669097,5.754254
 Oviedo,2012,-0.5388261,6.592423,1.449627,0.9374893,5.756833
 Oviedo,2013,-0.5520542,6.630871,1.420004,0.8721539,5.752913
 Oviedo,2014,-0.6050606,6.63315,1.408408,0.8047054,5.747014
 Oviedo,2015,-0.471141,6.690754,1.39545,0.917344,5.738509
 Palencia,2006,-0.7131021,6.398562,1.525879,1.402322,4.612638
 Palencia,2007,-0.8359519,6.426169,1.497457,1.279332,4.612917
 Palencia,2009,-0.9005409,6.288794,1.550929,1.192922,4.617344
 Palencia,2010,-0.9047024,6.249512,1.569999,1.211293,4.611494
 Palencia,2011,-0.8014433,6.204693,1.598572,1.298712,4.603958
 Palencia,2012,-0.8416406,6.193495,1.593967,1.213288,4.599607
 Palencia,2013,-0.702334,6.209583,1.596209,1.301919,4.592823
 Palencia,2014,-0.6030415,6.369746,1.535301,1.386749,4.586966
 Palencia,2015,-0.5825863,6.367782,1.535541,1.385319,4.579668
 Palma de Mallorca,2006,-1.097538,6.306778,1.525422,0.1011555,6.446097
 Palma de Mallorca,2007,-0.9862134,6.404817,1.490643,0.2018504,6.467358
 Palma de Mallorca,2009,-0.8849759,6.307002,1.544484,0.2603194,6.513678
 Palma de Mallorca,2010,-0.8261172,6.296485,1.557975,0.3345542,6.522142
 Palma de Mallorca,2011,-0.7392051,6.331428,1.550454,0.4010715,6.523715
 Palma de Mallorca,2012,-0.7805321,6.352331,1.530331,0.3094761,6.529448
 Palma de Mallorca,2013,-0.7726294,6.3517,1.52537,0.2750842,6.505902
 Palma de Mallorca,2014,-0.7206686,6.435328,1.49041,0.3084855,6.508238
 Palma de Mallorca,2015,-0.6923314,6.501815,1.458842,0.3094323,6.511952
 Ponferrada,2006,-0.6497867,6.536428,1.470059,1.50756,4.528792
 Ponferrada,2007,-0.620047,6.595258,1.445962,1.544379,4.514632
 Ponferrada,2009,-0.6416631,6.575242,1.449459,1.505954,4.509034
 Ponferrada,2010,-0.8979808,6.450678,1.478496,1.270337,4.50685
 Ponferrada,2011,-0.76732,6.477135,1.479435,1.386143,4.497343
 Ponferrada,2012,-0.5510341,6.493484,1.495278,1.55905,4.489295
 Ponferrada,2013,-0.6015385,6.504118,1.475117,1.458593,4.481067
 Ponferrada,2014,-0.4978527,6.560788,1.460303,1.548923,4.472995
 Ponferrada,2015,-0.5042359,6.65134,1.410369,1.523744,4.45952
 Pontevedra,2006,-0.5363809,6.79567,1.357539,1.430167,4.91039
 Pontevedra,2007,-0.5864302,6.880436,1.301862,1.379456,4.911712
 Pontevedra,2009,-0.4137619,6.985251,1.273336,1.524023,4.928699
 Pontevedra,2010,-0.5824109,6.95536,1.259751,1.372506,4.933651
 Pontevedra,2011,-0.5720111,6.912342,1.282826,1.360749,4.938749
 Pontevedra,2012,-0.5769367,6.867602,1.298693,1.3067,4.942189
 Pontevedra,2013,-0.4892049,6.869508,1.303623,1.338855,4.945209
 Pontevedra,2014,-0.3865364,6.98088,1.256294,1.42406,4.945354
 Pontevedra,2015,-0.3732972,7.021253,1.229842,1.414225,4.940434
 Reus,2006,-0.4552087,6.701415,1.421617,1.576054,4.780961
 Reus,2007,-0.5842828,6.730683,1.383246,1.435653,4.803614
 Reus,2009,-0.6655838,6.644851,1.41107,1.312298,4.848505
 Reus,2010,-0.511091,6.660456,1.431882,1.486895,4.847514
 Reus,2011,-0.7002029,6.700657,1.377,1.300415,4.803032
 Reus,2012,-0.4516486,6.700598,1.410307,1.502056,4.802054
 Reus,2013,-0.4206598,6.76581,1.372383,1.480507,4.798996
 Reus,2014,-0.4920105,6.716323,1.382938,1.396829,4.788867
 Reus,2015,-0.4181749,6.790176,1.352156,1.448715,4.7817
 Sagunto,2006,-0.6712559,6.688124,1.391021,1.555603,4.389768
 Sagunto,2007,-0.6666803,6.740462,1.364325,1.564951,4.380222
 Sagunto,2009,-0.6359113,6.642463,1.416847,1.565841,4.400764
 Sagunto,2010,-0.6735648,6.598897,1.435923,1.55084,4.394677
 Sagunto,2011,-0.6198129,6.576064,1.452375,1.591972,4.380698
 Sagunto,2012,-0.5804238,6.578609,1.449901,1.584589,4.379437
 Sagunto,2013,-0.5156339,6.600833,1.440601,1.598285,4.373491
 Sagunto,2014,-0.5245846,6.638795,1.417531,1.575667,4.366044
 Sagunto,2015,-0.5191785,6.679065,1.393844,1.555689,4.365745
 Salamanca,2006,-0.7522938,6.323299,1.554858,0.9735416,5.391815
 Salamanca,2007,-0.7967563,6.370191,1.528187,0.9412218,5.367529
 Salamanca,2009,-0.8048798,6.323892,1.545859,0.9144593,5.36559
 Salamanca,2010,-0.8418899,6.279105,1.563835,0.900789,5.358128
 Salamanca,2011,-0.8244969,6.241282,1.580199,0.9017885,5.351697
 Salamanca,2012,-1.063304,6.162255,1.586924,0.62024,5.342375
 Salamanca,2013,-0.787409,6.290174,1.551572,0.8504243,5.325663
 Salamanca,2014,-1.020082,6.231178,1.554263,0.6053531,5.315675
 Salamanca,2015,-0.8797113,6.286054,1.539801,0.7256377,5.304781
 Santa Cruz de Tenerife,2006,-0.4365155,6.705129,1.423354,0.8291151,6.312224
 Santa Cruz de Tenerife,2007,-0.4908557,6.768871,1.380267,0.779833,6.302108
 Santa Cruz de Tenerife,2009,-0.3783688,6.711207,1.427871,0.869294,6.308943
 Santa Cruz de Tenerife,2010,-0.3664305,6.634788,1.471654,0.900333,6.309958
 Santa Cruz de Tenerife,2011,-0.3903503,6.635784,1.4627,0.8576409,6.308286
 Santa Cruz de Tenerife,2012,-0.3674116,6.71413,1.419223,0.8688512,6.236938
 Santa Cruz de Tenerife,2013,-0.3124979,6.792969,1.378871,0.8705971,6.235139
 Santa Cruz de Tenerife,2014,-0.2953714,6.845963,1.350718,0.8735223,6.228758
 Santa Cruz de Tenerife,2015,-0.2985603,6.882358,1.325022,0.8483885,6.221582
 Santander,2006,-0.8797295,6.345649,1.52968,0.545331,5.993364
 Santander,2007,-0.9320835,6.363783,1.515574,0.4960587,5.987201
 Santander,2009,-0.9233425,6.377454,1.508059,0.4827276,5.992128
 Santander,2010,-0.7921742,6.353674,1.536288,0.6365541,5.986029
 Santander,2011,-0.7658756,6.321201,1.551733,0.6478583,5.9768
 Santander,2012,-0.8128785,6.294255,1.552875,0.5575159,5.968675
 Santander,2013,-0.7083994,6.357184,1.530209,0.6117018,5.961127
 Santander,2014,-0.6979805,6.385104,1.516565,0.6086597,5.953266
 Santander,2015,-0.6551695,6.490401,1.468981,0.6310248,5.94309
 Santiago de Compostela,2006,-0.7334781,6.69205,1.379459,1.039937,5.296654
 Santiago de Compostela,2007,-0.5309879,6.832347,1.338813,1.240238,5.301034
 Santiago de Compostela,2009,-0.6015914,6.744554,1.36968,1.146625,5.307836
 Santiago de Compostela,2010,-0.549017,6.784925,1.360945,1.218826,5.307799
 Santiago de Compostela,2011,-0.5867142,6.787283,1.349466,1.161559,5.307723
 Santiago de Compostela,2012,-0.5513056,6.770301,1.356497,1.149325,5.308202
 Santiago de Compostela,2013,-0.4440125,6.81461,1.34208,1.203004,5.307295
 Santiago de Compostela,2014,-0.4586184,6.832397,1.32659,1.173275,5.30276
 Santiago de Compostela,2015,-0.4371151,6.885286,1.296425,1.171168,5.298912
 Sevilla,2006,-1.09461,6.374923,1.494068,-0.3508974,7.35606
 Sevilla,2007,-1.172104,6.407353,1.471557,-0.4246368,7.348551
 Sevilla,2009,-0.7549282,6.456895,1.490757,-0.0299655,7.354343
 Sevilla,2010,-0.8371812,6.402879,1.508306,-0.0933149,7.355753
 Sevilla,2011,-0.8155687,6.399289,1.510215,-0.0904745,7.35408
 Sevilla,2012,-0.6460015,6.451472,1.501484,0.0321644,7.353132
 Sevilla,2013,-0.5707442,6.457496,1.501582,0.0549131,7.350015
 Sevilla,2014,-0.5273039,6.49288,1.488607,0.0834623,7.345014
 Sevilla,2015,-0.5411212,6.547318,1.456772,0.0461238,7.340989
 Talavera de la Reina,2006,-0.5946622,6.66105,1.417235,1.553812,4.546536
 Talavera de la Reina,2007,-0.6180757,6.685462,1.40094,1.523889,4.559556
 Talavera de la Reina,2009,-0.6346611,6.61132,1.432679,1.464864,4.605217
 Talavera de la Reina,2010,-0.6709554,6.60675,1.43241,1.446977,4.607621
 Talavera de la Reina,2011,-0.6716013,6.596712,1.434377,1.422984,4.615097
 Talavera de la Reina,2012,-0.7166854,6.44434,1.495407,1.325047,4.625999
 Talavera de la Reina,2013,-0.4777828,6.618452,1.437881,1.512424,4.620915
 Talavera de la Reina,2014,-0.4858471,6.69477,1.395128,1.48852,4.617812
 Talavera de la Reina,2015,-0.5728319,6.680419,1.38502,1.37665,4.616516
 Tarragona,2006,-0.4543625,6.723859,1.410428,1.280488,5.373784
 Tarragona,2007,-0.5716198,6.756353,1.372014,1.151904,5.396437
 Tarragona,2009,-0.6706017,6.665342,1.399844,1.010868,5.441329
 Tarragona,2010,-0.5232286,6.673963,1.422973,1.178345,5.440337
 Tarragona,2011,-0.7129322,6.708042,1.371203,0.9912742,5.395855
 Tarragona,2012,-0.4699478,6.701595,1.40654,1.187345,5.394878
 Tarragona,2013,-0.4360302,6.773133,1.36574,1.168725,5.39182
 Tarragona,2014,-0.5086372,6.720154,1.378219,1.083791,5.38169
 Tarragona,2015,-0.4249986,6.79624,1.347693,1.145479,5.374524
 Toledo,2006,-0.5600461,6.733697,1.385909,1.392393,4.938607
 Toledo,2007,-0.5703738,6.765311,1.3675,1.375555,4.951627
 Toledo,2009,-0.6848325,6.621008,1.420254,1.218657,4.997289
 Toledo,2010,-0.6907696,6.622726,1.421425,1.231127,4.999691
 Toledo,2011,-0.7368252,6.595664,1.425518,1.161725,5.007168
 Toledo,2012,-0.7632391,6.466579,1.479011,1.082458,5.01807
 Toledo,2013,-0.5435763,6.635199,1.419108,1.250595,5.012987
 Toledo,2014,-0.5472975,6.682745,1.391549,1.231034,5.009884
 Toledo,2015,-0.6057705,6.697781,1.371105,1.147676,5.008586
 Valencia,2006,-0.7108759,6.650334,1.404483,-0.0271579,7.476049
 Valencia,2007,-0.7263884,6.703799,1.374429,-0.0378979,7.466505
 Valencia,2009,-0.7074926,6.597202,1.428987,-0.048881,7.487045
 Valencia,2010,-0.686543,6.574625,1.446091,-0.0052794,7.480958
 Valencia,2011,-0.6635017,6.561513,1.453033,0.0051429,7.466979
 Valencia,2012,-0.612106,6.578037,1.445507,0.0097664,7.465719
 Valencia,2013,-0.5374122,6.604171,1.435676,0.0333659,7.459773
 Valencia,2014,-0.5424831,6.639987,1.414263,0.0146272,7.452325
 Valencia,2015,-0.561074,6.671774,1.391332,-0.0293477,7.452026
 Valladolid,2006,-1.05676,6.406665,1.482588,0.3143571,6.101251
 Valladolid,2007,-1.015786,6.435724,1.472813,0.3606395,6.090633
 Valladolid,2009,-0.8628956,6.365991,1.520044,0.4918727,6.094732
 Valladolid,2010,-0.8701334,6.289017,1.556295,0.507941,6.087337
 Valladolid,2011,-0.9164345,6.233214,1.573948,0.4453464,6.080707
 Valladolid,2012,-0.8241272,6.244294,1.573779,0.4933494,6.074511
 Valladolid,2013,-0.7110004,6.301168,1.555179,0.5552856,6.068757
 Valladolid,2014,-0.7004006,6.358483,1.528514,0.5531715,6.059402
 Valladolid,2015,-0.645394,6.424811,1.501381,0.5874341,6.049823
 Vigo,2006,-0.539985,6.855427,1.32451,0.7492541,6.265007
 Vigo,2007,-0.5853124,6.921194,1.278971,0.7032654,6.26633
 Vigo,2009,-0.4206023,7.001113,1.262651,0.8398739,6.283316
 Vigo,2010,-0.5955501,6.978825,1.243436,0.6820582,6.288269
 Vigo,2011,-0.5780873,6.937206,1.267399,0.6773636,6.293366
 Vigo,2012,-0.5591983,6.912833,1.276163,0.6471301,6.296807
 Vigo,2013,-0.4934654,6.899337,1.286016,0.6572863,6.299826
 Vigo,2014,-0.3737541,7.029981,1.229912,0.7595335,6.299971
 Vigo,2015,-0.3586664,7.074991,1.200323,0.7515473,6.295052
 Zamora,2006,-0.8601822,6.36042,1.525105,1.417986,4.287149
 Zamora,2007,-0.7358081,6.452811,1.497676,1.542337,4.287195
 Zamora,2009,-0.5483581,6.480276,1.509149,1.709008,4.289536
 Zamora,2010,-0.5718188,6.457423,1.519128,1.707386,4.285076
 Zamora,2011,-0.500157,6.425744,1.541747,1.763036,4.277883
 Zamora,2012,-0.5496877,6.426826,1.526422,1.667348,4.275392
 Zamora,2013,-0.4009158,6.562881,1.477655,1.764937,4.269623
 Zamora,2014,-0.4902451,6.482709,1.498743,1.662567,4.260922
 Zamora,2015,-0.5546444,6.45061,1.501019,1.57725,4.25169
 Zaragoza,2006,-0.7072639,6.57756,1.441575,0.4156131,6.597731
 Zaragoza,2007,-0.865958,6.572355,1.422742,0.2529231,6.605723
 Zaragoza,2009,-0.8610328,6.429985,1.490412,0.2232414,6.63572
 Zaragoza,2010,-0.8022373,6.436059,1.497017,0.3010496,6.636911
 Zaragoza,2011,-0.7878543,6.428869,1.499743,0.2961175,6.636325
 Zaragoza,2012,-0.816915,6.40244,1.50299,0.2160373,6.643559
 Zaragoza,2013,-0.8524339,6.404867,1.491967,0.1247033,6.647055
 Zaragoza,2014,-0.7323843,6.464992,1.474887,0.2391905,6.623396
 Zaragoza,2015,-0.7462212,6.479602,1.46321,0.2006505,6.621736
